date,spy_close,MA_21,MA_50,MA_150,MA_200,asset,action,shares,target_allocation
2011-01-03,127.05000305175781,124.74952407110305,121.94539993286133,114.4090668741862,114.88615016937256,EDV,BUY,215,"{'VTI': 0.12, 'VEA': 0.12, 'VWO': 0.12, 'DBC': 0.07, 'IAU': 0.07, 'EDV': 0.18, 'LTPZ': 0.18, 'VCLT': 0.07, 'EMLC': 0.07}"
2011-01-03,127.05000305175781,124.74952407110305,121.94539993286133,114.4090668741862,114.88615016937256,LTPZ,BUY,327,"{'VTI': 0.12, 'VEA': 0.12, 'VWO': 0.12, 'DBC': 0.07, 'IAU': 0.07, 'EDV': 0.18, 'LTPZ': 0.18, 'VCLT': 0.07, 'EMLC': 0.07}"
2011-01-03,127.05000305175781,124.74952407110305,121.94539993286133,114.4090668741862,114.88615016937256,VEA,BUY,328,"{'VTI': 0.12, 'VEA': 0.12, 'VWO': 0.12, 'DBC': 0.07, 'IAU': 0.07, 'EDV': 0.18, 'LTPZ': 0.18, 'VCLT': 0.07, 'EMLC': 0.07}"
2011-01-03,127.05000305175781,124.74952407110305,121.94539993286133,114.4090668741862,114.88615016937256,VWO,BUY,246,"{'VTI': 0.12, 'VEA': 0.12, 'VWO': 0.12, 'DBC': 0.07, 'IAU': 0.07, 'EDV': 0.18, 'LTPZ': 0.18, 'VCLT': 0.07, 'EMLC': 0.07}"
2011-01-03,127.05000305175781,124.74952407110305,121.94539993286133,114.4090668741862,114.88615016937256,VTI,BUY,182,"{'VTI': 0.12, 'VEA': 0.12, 'VWO': 0.12, 'DBC': 0.07, 'IAU': 0.07, 'EDV': 0.18, 'LTPZ': 0.18, 'VCLT': 0.07, 'EMLC': 0.07}"
2011-01-03,127.05000305175781,124.74952407110305,121.94539993286133,114.4090668741862,114.88615016937256,IAU,BUY,249,"{'VTI': 0.12, 'VEA': 0.12, 'VWO': 0.12, 'DBC': 0.07, 'IAU': 0.07, 'EDV': 0.18, 'LTPZ': 0.18, 'VCLT': 0.07, 'EMLC': 0.07}"
2011-01-03,127.05000305175781,124.74952407110305,121.94539993286133,114.4090668741862,114.88615016937256,DBC,BUY,251,"{'VTI': 0.12, 'VEA': 0.12, 'VWO': 0.12, 'DBC': 0.07, 'IAU': 0.07, 'EDV': 0.18, 'LTPZ': 0.18, 'VCLT': 0.07, 'EMLC': 0.07}"
2011-01-03,127.05000305175781,124.74952407110305,121.94539993286133,114.4090668741862,114.88615016937256,VCLT,BUY,89,"{'VTI': 0.12, 'VEA': 0.12, 'VWO': 0.12, 'DBC': 0.07, 'IAU': 0.07, 'EDV': 0.18, 'LTPZ': 0.18, 'VCLT': 0.07, 'EMLC': 0.07}"
2011-01-03,127.05000305175781,124.74952407110305,121.94539993286133,114.4090668741862,114.88615016937256,EMLC,BUY,129,"{'VTI': 0.12, 'VEA': 0.12, 'VWO': 0.12, 'DBC': 0.07, 'IAU': 0.07, 'EDV': 0.18, 'LTPZ': 0.18, 'VCLT': 0.07, 'EMLC': 0.07}"
2012-01-03,127.5,124.63476199195499,124.08100067138672,123.67833343505859,126.05134986877441,IAU,SELL,-2,"{'VTI': 0.12, 'VEA': 0.12, 'VWO': 0.12, 'DBC': 0.07, 'IAU': 0.07, 'EDV': 0.18, 'LTPZ': 0.18, 'VCLT': 0.07, 'EMLC': 0.07}"
2012-01-03,127.5,124.63476199195499,124.08100067138672,123.67833343505859,126.05134986877441,EDV,SELL,-56,"{'VTI': 0.12, 'VEA': 0.12, 'VWO': 0.12, 'DBC': 0.07, 'IAU': 0.07, 'EDV': 0.18, 'LTPZ': 0.18, 'VCLT': 0.07, 'EMLC': 0.07}"
2012-01-03,127.5,124.63476199195499,124.08100067138672,123.67833343505859,126.05134986877441,LTPZ,SELL,-30,"{'VTI': 0.12, 'VEA': 0.12, 'VWO': 0.12, 'DBC': 0.07, 'IAU': 0.07, 'EDV': 0.18, 'LTPZ': 0.18, 'VCLT': 0.07, 'EMLC': 0.07}"
2012-01-03,127.5,124.63476199195499,124.08100067138672,123.67833343505859,126.05134986877441,VCLT,SELL,-2,"{'VTI': 0.12, 'VEA': 0.12, 'VWO': 0.12, 'DBC': 0.07, 'IAU': 0.07, 'EDV': 0.18, 'LTPZ': 0.18, 'VCLT': 0.07, 'EMLC': 0.07}"
2012-01-03,127.5,124.63476199195499,124.08100067138672,123.67833343505859,126.05134986877441,VWO,BUY,33,"{'VTI': 0.12, 'VEA': 0.12, 'VWO': 0.12, 'DBC': 0.07, 'IAU': 0.07, 'EDV': 0.18, 'LTPZ': 0.18, 'VCLT': 0.07, 'EMLC': 0.07}"
2012-01-03,127.5,124.63476199195499,124.08100067138672,123.67833343505859,126.05134986877441,VEA,BUY,42,"{'VTI': 0.12, 'VEA': 0.12, 'VWO': 0.12, 'DBC': 0.07, 'IAU': 0.07, 'EDV': 0.18, 'LTPZ': 0.18, 'VCLT': 0.07, 'EMLC': 0.07}"
2012-01-03,127.5,124.63476199195499,124.08100067138672,123.67833343505859,126.05134986877441,VTI,BUY,19,"{'VTI': 0.12, 'VEA': 0.12, 'VWO': 0.12, 'DBC': 0.07, 'IAU': 0.07, 'EDV': 0.18, 'LTPZ': 0.18, 'VCLT': 0.07, 'EMLC': 0.07}"
2012-01-03,127.5,124.63476199195499,124.08100067138672,123.67833343505859,126.05134986877441,EMLC,BUY,24,"{'VTI': 0.12, 'VEA': 0.12, 'VWO': 0.12, 'DBC': 0.07, 'IAU': 0.07, 'EDV': 0.18, 'LTPZ': 0.18, 'VCLT': 0.07, 'EMLC': 0.07}"
2012-01-03,127.5,124.63476199195499,124.08100067138672,123.67833343505859,126.05134986877441,DBC,BUY,30,"{'VTI': 0.12, 'VEA': 0.12, 'VWO': 0.12, 'DBC': 0.07, 'IAU': 0.07, 'EDV': 0.18, 'LTPZ': 0.18, 'VCLT': 0.07, 'EMLC': 0.07}"
2013-01-02,146.05999755859375,142.77333286830358,141.45680023193358,139.84853332519532,139.28210006713869,VTI,SELL,-12,"{'VTI': 0.12, 'VEA': 0.12, 'VWO': 0.12, 'DBC': 0.07, 'IAU': 0.07, 'EDV': 0.18, 'LTPZ': 0.18, 'VCLT': 0.07, 'EMLC': 0.07}"
2013-01-02,146.05999755859375,142.77333286830358,141.45680023193358,139.84853332519532,139.28210006713869,LTPZ,SELL,-7,"{'VTI': 0.12, 'VEA': 0.12, 'VWO': 0.12, 'DBC': 0.07, 'IAU': 0.07, 'EDV': 0.18, 'LTPZ': 0.18, 'VCLT': 0.07, 'EMLC': 0.07}"
2013-01-02,146.05999755859375,142.77333286830358,141.45680023193358,139.84853332519532,139.28210006713869,EMLC,SELL,-6,"{'VTI': 0.12, 'VEA': 0.12, 'VWO': 0.12, 'DBC': 0.07, 'IAU': 0.07, 'EDV': 0.18, 'LTPZ': 0.18, 'VCLT': 0.07, 'EMLC': 0.07}"
2013-01-02,146.05999755859375,142.77333286830358,141.45680023193358,139.84853332519532,139.28210006713869,EDV,BUY,20,"{'VTI': 0.12, 'VEA': 0.12, 'VWO': 0.12, 'DBC': 0.07, 'IAU': 0.07, 'EDV': 0.18, 'LTPZ': 0.18, 'VCLT': 0.07, 'EMLC': 0.07}"
2013-01-02,146.05999755859375,142.77333286830358,141.45680023193358,139.84853332519532,139.28210006713869,VWO,BUY,32,"{'VTI': 0.12, 'VEA': 0.12, 'VWO': 0.12, 'DBC': 0.07, 'IAU': 0.07, 'EDV': 0.18, 'LTPZ': 0.18, 'VCLT': 0.07, 'EMLC': 0.07}"
2013-01-02,146.05999755859375,142.77333286830358,141.45680023193358,139.84853332519532,139.28210006713869,VEA,BUY,23,"{'VTI': 0.12, 'VEA': 0.12, 'VWO': 0.12, 'DBC': 0.07, 'IAU': 0.07, 'EDV': 0.18, 'LTPZ': 0.18, 'VCLT': 0.07, 'EMLC': 0.07}"
2013-01-02,146.05999755859375,142.77333286830358,141.45680023193358,139.84853332519532,139.28210006713869,DBC,BUY,10,"{'VTI': 0.12, 'VEA': 0.12, 'VWO': 0.12, 'DBC': 0.07, 'IAU': 0.07, 'EDV': 0.18, 'LTPZ': 0.18, 'VCLT': 0.07, 'EMLC': 0.07}"
2013-01-02,146.05999755859375,142.77333286830358,141.45680023193358,139.84853332519532,139.28210006713869,VCLT,BUY,1,"{'VTI': 0.12, 'VEA': 0.12, 'VWO': 0.12, 'DBC': 0.07, 'IAU': 0.07, 'EDV': 0.18, 'LTPZ': 0.18, 'VCLT': 0.07, 'EMLC': 0.07}"
2013-01-02,146.05999755859375,142.77333286830358,141.45680023193358,139.84853332519532,139.28210006713869,IAU,BUY,1,"{'VTI': 0.12, 'VEA': 0.12, 'VWO': 0.12, 'DBC': 0.07, 'IAU': 0.07, 'EDV': 0.18, 'LTPZ': 0.18, 'VCLT': 0.07, 'EMLC': 0.07}"
2014-01-02,182.9199981689453,181.12809535435267,179.25059997558594,170.95746643066406,168.17779983520506,VTI,SELL,-56,"{'VTI': 0.12, 'VEA': 0.12, 'VWO': 0.12, 'DBC': 0.07, 'IAU': 0.07, 'EDV': 0.18, 'LTPZ': 0.18, 'VCLT': 0.07, 'EMLC': 0.07}"
2014-01-02,182.9199981689453,181.12809535435267,179.25059997558594,170.95746643066406,168.17779983520506,VEA,SELL,-87,"{'VTI': 0.12, 'VEA': 0.12, 'VWO': 0.12, 'DBC': 0.07, 'IAU': 0.07, 'EDV': 0.18, 'LTPZ': 0.18, 'VCLT': 0.07, 'EMLC': 0.07}"
2014-01-02,182.9199981689453,181.12809535435267,179.25059997558594,170.95746643066406,168.17779983520506,VWO,SELL,-1,"{'VTI': 0.12, 'VEA': 0.12, 'VWO': 0.12, 'DBC': 0.07, 'IAU': 0.07, 'EDV': 0.18, 'LTPZ': 0.18, 'VCLT': 0.07, 'EMLC': 0.07}"
2014-01-02,182.9199981689453,181.12809535435267,179.25059997558594,170.95746643066406,168.17779983520506,DBC,SELL,-1,"{'VTI': 0.12, 'VEA': 0.12, 'VWO': 0.12, 'DBC': 0.07, 'IAU': 0.07, 'EDV': 0.18, 'LTPZ': 0.18, 'VCLT': 0.07, 'EMLC': 0.07}"
2014-01-02,182.9199981689453,181.12809535435267,179.25059997558594,170.95746643066406,168.17779983520506,EDV,BUY,12,"{'VTI': 0.12, 'VEA': 0.12, 'VWO': 0.12, 'DBC': 0.07, 'IAU': 0.07, 'EDV': 0.18, 'LTPZ': 0.18, 'VCLT': 0.07, 'EMLC': 0.07}"
2014-01-02,182.9199981689453,181.12809535435267,179.25059997558594,170.95746643066406,168.17779983520506,LTPZ,BUY,19,"{'VTI': 0.12, 'VEA': 0.12, 'VWO': 0.12, 'DBC': 0.07, 'IAU': 0.07, 'EDV': 0.18, 'LTPZ': 0.18, 'VCLT': 0.07, 'EMLC': 0.07}"
2014-01-02,182.9199981689453,181.12809535435267,179.25059997558594,170.95746643066406,168.17779983520506,IAU,BUY,46,"{'VTI': 0.12, 'VEA': 0.12, 'VWO': 0.12, 'DBC': 0.07, 'IAU': 0.07, 'EDV': 0.18, 'LTPZ': 0.18, 'VCLT': 0.07, 'EMLC': 0.07}"
2014-01-02,182.9199981689453,181.12809535435267,179.25059997558594,170.95746643066406,168.17779983520506,EMLC,BUY,11,"{'VTI': 0.12, 'VEA': 0.12, 'VWO': 0.12, 'DBC': 0.07, 'IAU': 0.07, 'EDV': 0.18, 'LTPZ': 0.18, 'VCLT': 0.07, 'EMLC': 0.07}"
2014-01-02,182.9199981689453,181.12809535435267,179.25059997558594,170.95746643066406,168.17779983520506,VCLT,BUY,1,"{'VTI': 0.12, 'VEA': 0.12, 'VWO': 0.12, 'DBC': 0.07, 'IAU': 0.07, 'EDV': 0.18, 'LTPZ': 0.18, 'VCLT': 0.07, 'EMLC': 0.07}"
2015-01-02,205.42999267578125,205.52857171921502,203.91099975585936,198.77119995117187,195.94279991149904,VTI,SELL,-3,"{'VTI': 0.12, 'VEA': 0.12, 'VWO': 0.12, 'DBC': 0.07, 'IAU': 0.07, 'EDV': 0.18, 'LTPZ': 0.18, 'VCLT': 0.07, 'EMLC': 0.07}"
2015-01-02,205.42999267578125,205.52857171921502,203.91099975585936,198.77119995117187,195.94279991149904,EDV,SELL,-24,"{'VTI': 0.12, 'VEA': 0.12, 'VWO': 0.12, 'DBC': 0.07, 'IAU': 0.07, 'EDV': 0.18, 'LTPZ': 0.18, 'VCLT': 0.07, 'EMLC': 0.07}"
2015-01-02,205.42999267578125,205.52857171921502,203.91099975585936,198.77119995117187,195.94279991149904,LTPZ,SELL,-1,"{'VTI': 0.12, 'VEA': 0.12, 'VWO': 0.12, 'DBC': 0.07, 'IAU': 0.07, 'EDV': 0.18, 'LTPZ': 0.18, 'VCLT': 0.07, 'EMLC': 0.07}"
2015-01-02,205.42999267578125,205.52857171921502,203.91099975585936,198.77119995117187,195.94279991149904,VCLT,SELL,-2,"{'VTI': 0.12, 'VEA': 0.12, 'VWO': 0.12, 'DBC': 0.07, 'IAU': 0.07, 'EDV': 0.18, 'LTPZ': 0.18, 'VCLT': 0.07, 'EMLC': 0.07}"
2015-01-02,205.42999267578125,205.52857171921502,203.91099975585936,198.77119995117187,195.94279991149904,DBC,BUY,146,"{'VTI': 0.12, 'VEA': 0.12, 'VWO': 0.12, 'DBC': 0.07, 'IAU': 0.07, 'EDV': 0.18, 'LTPZ': 0.18, 'VCLT': 0.07, 'EMLC': 0.07}"
2015-01-02,205.42999267578125,205.52857171921502,203.91099975585936,198.77119995117187,195.94279991149904,VEA,BUY,58,"{'VTI': 0.12, 'VEA': 0.12, 'VWO': 0.12, 'DBC': 0.07, 'IAU': 0.07, 'EDV': 0.18, 'LTPZ': 0.18, 'VCLT': 0.07, 'EMLC': 0.07}"
2015-01-02,205.42999267578125,205.52857171921502,203.91099975585936,198.77119995117187,195.94279991149904,VWO,BUY,35,"{'VTI': 0.12, 'VEA': 0.12, 'VWO': 0.12, 'DBC': 0.07, 'IAU': 0.07, 'EDV': 0.18, 'LTPZ': 0.18, 'VCLT': 0.07, 'EMLC': 0.07}"
2015-01-02,205.42999267578125,205.52857171921502,203.91099975585936,198.77119995117187,195.94279991149904,EMLC,BUY,32,"{'VTI': 0.12, 'VEA': 0.12, 'VWO': 0.12, 'DBC': 0.07, 'IAU': 0.07, 'EDV': 0.18, 'LTPZ': 0.18, 'VCLT': 0.07, 'EMLC': 0.07}"
2015-01-02,205.42999267578125,205.52857171921502,203.91099975585936,198.77119995117187,195.94279991149904,IAU,BUY,58,"{'VTI': 0.12, 'VEA': 0.12, 'VWO': 0.12, 'DBC': 0.07, 'IAU': 0.07, 'EDV': 0.18, 'LTPZ': 0.18, 'VCLT': 0.07, 'EMLC': 0.07}"
2016-01-04,201.02000427246094,204.98857044038317,206.86839904785157,204.91433319091797,206.16130004882814,VTI,SELL,-13,"{'VTI': 0.12, 'VEA': 0.12, 'VWO': 0.12, 'DBC': 0.07, 'IAU': 0.07, 'EDV': 0.18, 'LTPZ': 0.18, 'VCLT': 0.07, 'EMLC': 0.07}"
2016-01-04,201.02000427246094,204.98857044038317,206.86839904785157,204.91433319091797,206.16130004882814,VEA,SELL,-30,"{'VTI': 0.12, 'VEA': 0.12, 'VWO': 0.12, 'DBC': 0.07, 'IAU': 0.07, 'EDV': 0.18, 'LTPZ': 0.18, 'VCLT': 0.07, 'EMLC': 0.07}"
2016-01-04,201.02000427246094,204.98857044038317,206.86839904785157,204.91433319091797,206.16130004882814,IAU,SELL,-3,"{'VTI': 0.12, 'VEA': 0.12, 'VWO': 0.12, 'DBC': 0.07, 'IAU': 0.07, 'EDV': 0.18, 'LTPZ': 0.18, 'VCLT': 0.07, 'EMLC': 0.07}"
2016-01-04,201.02000427246094,204.98857044038317,206.86839904785157,204.91433319091797,206.16130004882814,EDV,SELL,-5,"{'VTI': 0.12, 'VEA': 0.12, 'VWO': 0.12, 'DBC': 0.07, 'IAU': 0.07, 'EDV': 0.18, 'LTPZ': 0.18, 'VCLT': 0.07, 'EMLC': 0.07}"
2016-01-04,201.02000427246094,204.98857044038317,206.86839904785157,204.91433319091797,206.16130004882814,LTPZ,SELL,-6,"{'VTI': 0.12, 'VEA': 0.12, 'VWO': 0.12, 'DBC': 0.07, 'IAU': 0.07, 'EDV': 0.18, 'LTPZ': 0.18, 'VCLT': 0.07, 'EMLC': 0.07}"
2016-01-04,201.02000427246094,204.98857044038317,206.86839904785157,204.91433319091797,206.16130004882814,VCLT,SELL,-2,"{'VTI': 0.12, 'VEA': 0.12, 'VWO': 0.12, 'DBC': 0.07, 'IAU': 0.07, 'EDV': 0.18, 'LTPZ': 0.18, 'VCLT': 0.07, 'EMLC': 0.07}"
2016-01-04,201.02000427246094,204.98857044038317,206.86839904785157,204.91433319091797,206.16130004882814,DBC,BUY,70,"{'VTI': 0.12, 'VEA': 0.12, 'VWO': 0.12, 'DBC': 0.07, 'IAU': 0.07, 'EDV': 0.18, 'LTPZ': 0.18, 'VCLT': 0.07, 'EMLC': 0.07}"
2016-01-04,201.02000427246094,204.98857044038317,206.86839904785157,204.91433319091797,206.16130004882814,VWO,BUY,28,"{'VTI': 0.12, 'VEA': 0.12, 'VWO': 0.12, 'DBC': 0.07, 'IAU': 0.07, 'EDV': 0.18, 'LTPZ': 0.18, 'VCLT': 0.07, 'EMLC': 0.07}"
2016-01-04,201.02000427246094,204.98857044038317,206.86839904785157,204.91433319091797,206.16130004882814,EMLC,BUY,20,"{'VTI': 0.12, 'VEA': 0.12, 'VWO': 0.12, 'DBC': 0.07, 'IAU': 0.07, 'EDV': 0.18, 'LTPZ': 0.18, 'VCLT': 0.07, 'EMLC': 0.07}"
2017-01-03,225.24000549316406,224.9028567359561,219.7515997314453,216.04959971110026,213.68349983215333,VTI,SELL,-5,"{'VTI': 0.12, 'VEA': 0.12, 'VWO': 0.12, 'DBC': 0.07, 'IAU': 0.07, 'EDV': 0.18, 'LTPZ': 0.18, 'VCLT': 0.07, 'EMLC': 0.07}"
2017-01-03,225.24000549316406,224.9028567359561,219.7515997314453,216.04959971110026,213.68349983215333,VWO,SELL,-9,"{'VTI': 0.12, 'VEA': 0.12, 'VWO': 0.12, 'DBC': 0.07, 'IAU': 0.07, 'EDV': 0.18, 'LTPZ': 0.18, 'VCLT': 0.07, 'EMLC': 0.07}"
2017-01-03,225.24000549316406,224.9028567359561,219.7515997314453,216.04959971110026,213.68349983215333,DBC,SELL,-27,"{'VTI': 0.12, 'VEA': 0.12, 'VWO': 0.12, 'DBC': 0.07, 'IAU': 0.07, 'EDV': 0.18, 'LTPZ': 0.18, 'VCLT': 0.07, 'EMLC': 0.07}"
2017-01-03,225.24000549316406,224.9028567359561,219.7515997314453,216.04959971110026,213.68349983215333,IAU,SELL,-6,"{'VTI': 0.12, 'VEA': 0.12, 'VWO': 0.12, 'DBC': 0.07, 'IAU': 0.07, 'EDV': 0.18, 'LTPZ': 0.18, 'VCLT': 0.07, 'EMLC': 0.07}"
2017-01-03,225.24000549316406,224.9028567359561,219.7515997314453,216.04959971110026,213.68349983215333,LTPZ,SELL,-2,"{'VTI': 0.12, 'VEA': 0.12, 'VWO': 0.12, 'DBC': 0.07, 'IAU': 0.07, 'EDV': 0.18, 'LTPZ': 0.18, 'VCLT': 0.07, 'EMLC': 0.07}"
2017-01-03,225.24000549316406,224.9028567359561,219.7515997314453,216.04959971110026,213.68349983215333,EDV,BUY,16,"{'VTI': 0.12, 'VEA': 0.12, 'VWO': 0.12, 'DBC': 0.07, 'IAU': 0.07, 'EDV': 0.18, 'LTPZ': 0.18, 'VCLT': 0.07, 'EMLC': 0.07}"
2017-01-03,225.24000549316406,224.9028567359561,219.7515997314453,216.04959971110026,213.68349983215333,VEA,BUY,22,"{'VTI': 0.12, 'VEA': 0.12, 'VWO': 0.12, 'DBC': 0.07, 'IAU': 0.07, 'EDV': 0.18, 'LTPZ': 0.18, 'VCLT': 0.07, 'EMLC': 0.07}"
2017-01-03,225.24000549316406,224.9028567359561,219.7515997314453,216.04959971110026,213.68349983215333,EMLC,BUY,5,"{'VTI': 0.12, 'VEA': 0.12, 'VWO': 0.12, 'DBC': 0.07, 'IAU': 0.07, 'EDV': 0.18, 'LTPZ': 0.18, 'VCLT': 0.07, 'EMLC': 0.07}"
2018-01-02,268.7699890136719,266.2914297921317,261.780998840332,251.84619995117188,248.15019989013672,VTI,SELL,-5,"{'VTI': 0.12, 'VEA': 0.12, 'VWO': 0.12, 'DBC': 0.07, 'IAU': 0.07, 'EDV': 0.18, 'LTPZ': 0.18, 'VCLT': 0.07, 'EMLC': 0.07}"
2018-01-02,268.7699890136719,266.2914297921317,261.780998840332,251.84619995117188,248.15019989013672,VEA,SELL,-27,"{'VTI': 0.12, 'VEA': 0.12, 'VWO': 0.12, 'DBC': 0.07, 'IAU': 0.07, 'EDV': 0.18, 'LTPZ': 0.18, 'VCLT': 0.07, 'EMLC': 0.07}"
2018-01-02,268.7699890136719,266.2914297921317,261.780998840332,251.84619995117188,248.15019989013672,VWO,SELL,-43,"{'VTI': 0.12, 'VEA': 0.12, 'VWO': 0.12, 'DBC': 0.07, 'IAU': 0.07, 'EDV': 0.18, 'LTPZ': 0.18, 'VCLT': 0.07, 'EMLC': 0.07}"
2018-01-02,268.7699890136719,266.2914297921317,261.780998840332,251.84619995117188,248.15019989013672,LTPZ,BUY,12,"{'VTI': 0.12, 'VEA': 0.12, 'VWO': 0.12, 'DBC': 0.07, 'IAU': 0.07, 'EDV': 0.18, 'LTPZ': 0.18, 'VCLT': 0.07, 'EMLC': 0.07}"
2018-01-02,268.7699890136719,266.2914297921317,261.780998840332,251.84619995117188,248.15019989013672,DBC,BUY,39,"{'VTI': 0.12, 'VEA': 0.12, 'VWO': 0.12, 'DBC': 0.07, 'IAU': 0.07, 'EDV': 0.18, 'LTPZ': 0.18, 'VCLT': 0.07, 'EMLC': 0.07}"
2018-01-02,268.7699890136719,266.2914297921317,261.780998840332,251.84619995117188,248.15019989013672,EDV,BUY,5,"{'VTI': 0.12, 'VEA': 0.12, 'VWO': 0.12, 'DBC': 0.07, 'IAU': 0.07, 'EDV': 0.18, 'LTPZ': 0.18, 'VCLT': 0.07, 'EMLC': 0.07}"
2018-01-02,268.7699890136719,266.2914297921317,261.780998840332,251.84619995117188,248.15019989013672,EMLC,BUY,11,"{'VTI': 0.12, 'VEA': 0.12, 'VWO': 0.12, 'DBC': 0.07, 'IAU': 0.07, 'EDV': 0.18, 'LTPZ': 0.18, 'VCLT': 0.07, 'EMLC': 0.07}"
2018-01-02,268.7699890136719,266.2914297921317,261.780998840332,251.84619995117188,248.15019989013672,VCLT,BUY,4,"{'VTI': 0.12, 'VEA': 0.12, 'VWO': 0.12, 'DBC': 0.07, 'IAU': 0.07, 'EDV': 0.18, 'LTPZ': 0.18, 'VCLT': 0.07, 'EMLC': 0.07}"
2018-01-02,268.7699890136719,266.2914297921317,261.780998840332,251.84619995117188,248.15019989013672,IAU,BUY,1,"{'VTI': 0.12, 'VEA': 0.12, 'VWO': 0.12, 'DBC': 0.07, 'IAU': 0.07, 'EDV': 0.18, 'LTPZ': 0.18, 'VCLT': 0.07, 'EMLC': 0.07}"
2019-01-02,250.17999267578125,257.3390459333147,265.45379943847655,276.67193318684895,274.21594970703126,VTI,SELL,-4,"{'VTI': 0.12, 'VEA': 0.12, 'VWO': 0.12, 'DBC': 0.07, 'IAU': 0.07, 'EDV': 0.18, 'LTPZ': 0.18, 'VCLT': 0.07, 'EMLC': 0.07}"
2019-01-02,250.17999267578125,257.3390459333147,265.45379943847655,276.67193318684895,274.21594970703126,IAU,SELL,-30,"{'VTI': 0.12, 'VEA': 0.12, 'VWO': 0.12, 'DBC': 0.07, 'IAU': 0.07, 'EDV': 0.18, 'LTPZ': 0.18, 'VCLT': 0.07, 'EMLC': 0.07}"
2019-01-02,250.17999267578125,257.3390459333147,265.45379943847655,276.67193318684895,274.21594970703126,EDV,SELL,-8,"{'VTI': 0.12, 'VEA': 0.12, 'VWO': 0.12, 'DBC': 0.07, 'IAU': 0.07, 'EDV': 0.18, 'LTPZ': 0.18, 'VCLT': 0.07, 'EMLC': 0.07}"
2019-01-02,250.17999267578125,257.3390459333147,265.45379943847655,276.67193318684895,274.21594970703126,VEA,BUY,28,"{'VTI': 0.12, 'VEA': 0.12, 'VWO': 0.12, 'DBC': 0.07, 'IAU': 0.07, 'EDV': 0.18, 'LTPZ': 0.18, 'VCLT': 0.07, 'EMLC': 0.07}"
2019-01-02,250.17999267578125,257.3390459333147,265.45379943847655,276.67193318684895,274.21594970703126,VWO,BUY,26,"{'VTI': 0.12, 'VEA': 0.12, 'VWO': 0.12, 'DBC': 0.07, 'IAU': 0.07, 'EDV': 0.18, 'LTPZ': 0.18, 'VCLT': 0.07, 'EMLC': 0.07}"
2019-01-02,250.17999267578125,257.3390459333147,265.45379943847655,276.67193318684895,274.21594970703126,LTPZ,BUY,6,"{'VTI': 0.12, 'VEA': 0.12, 'VWO': 0.12, 'DBC': 0.07, 'IAU': 0.07, 'EDV': 0.18, 'LTPZ': 0.18, 'VCLT': 0.07, 'EMLC': 0.07}"
2019-01-02,250.17999267578125,257.3390459333147,265.45379943847655,276.67193318684895,274.21594970703126,EMLC,BUY,8,"{'VTI': 0.12, 'VEA': 0.12, 'VWO': 0.12, 'DBC': 0.07, 'IAU': 0.07, 'EDV': 0.18, 'LTPZ': 0.18, 'VCLT': 0.07, 'EMLC': 0.07}"
2019-01-02,250.17999267578125,257.3390459333147,265.45379943847655,276.67193318684895,274.21594970703126,DBC,BUY,15,"{'VTI': 0.12, 'VEA': 0.12, 'VWO': 0.12, 'DBC': 0.07, 'IAU': 0.07, 'EDV': 0.18, 'LTPZ': 0.18, 'VCLT': 0.07, 'EMLC': 0.07}"
2019-01-02,250.17999267578125,257.3390459333147,265.45379943847655,276.67193318684895,274.21594970703126,VCLT,BUY,1,"{'VTI': 0.12, 'VEA': 0.12, 'VWO': 0.12, 'DBC': 0.07, 'IAU': 0.07, 'EDV': 0.18, 'LTPZ': 0.18, 'VCLT': 0.07, 'EMLC': 0.07}"
2020-01-02,324.8699951171875,318.1204746791295,312.2549987792969,299.9801318359375,296.65994888305664,VTI,SELL,-8,"{'VTI': 0.12, 'VEA': 0.12, 'VWO': 0.12, 'DBC': 0.07, 'IAU': 0.07, 'EDV': 0.18, 'LTPZ': 0.18, 'VCLT': 0.07, 'EMLC': 0.07}"
2020-01-02,324.8699951171875,318.1204746791295,312.2549987792969,299.9801318359375,296.65994888305664,VEA,SELL,-5,"{'VTI': 0.12, 'VEA': 0.12, 'VWO': 0.12, 'DBC': 0.07, 'IAU': 0.07, 'EDV': 0.18, 'LTPZ': 0.18, 'VCLT': 0.07, 'EMLC': 0.07}"
2020-01-02,324.8699951171875,318.1204746791295,312.2549987792969,299.9801318359375,296.65994888305664,IAU,SELL,-2,"{'VTI': 0.12, 'VEA': 0.12, 'VWO': 0.12, 'DBC': 0.07, 'IAU': 0.07, 'EDV': 0.18, 'LTPZ': 0.18, 'VCLT': 0.07, 'EMLC': 0.07}"
2020-01-02,324.8699951171875,318.1204746791295,312.2549987792969,299.9801318359375,296.65994888305664,VCLT,SELL,-1,"{'VTI': 0.12, 'VEA': 0.12, 'VWO': 0.12, 'DBC': 0.07, 'IAU': 0.07, 'EDV': 0.18, 'LTPZ': 0.18, 'VCLT': 0.07, 'EMLC': 0.07}"
2020-01-02,324.8699951171875,318.1204746791295,312.2549987792969,299.9801318359375,296.65994888305664,EMLC,BUY,32,"{'VTI': 0.12, 'VEA': 0.12, 'VWO': 0.12, 'DBC': 0.07, 'IAU': 0.07, 'EDV': 0.18, 'LTPZ': 0.18, 'VCLT': 0.07, 'EMLC': 0.07}"
2020-01-02,324.8699951171875,318.1204746791295,312.2549987792969,299.9801318359375,296.65994888305664,DBC,BUY,35,"{'VTI': 0.12, 'VEA': 0.12, 'VWO': 0.12, 'DBC': 0.07, 'IAU': 0.07, 'EDV': 0.18, 'LTPZ': 0.18, 'VCLT': 0.07, 'EMLC': 0.07}"
2020-01-02,324.8699951171875,318.1204746791295,312.2549987792969,299.9801318359375,296.65994888305664,EDV,BUY,4,"{'VTI': 0.12, 'VEA': 0.12, 'VWO': 0.12, 'DBC': 0.07, 'IAU': 0.07, 'EDV': 0.18, 'LTPZ': 0.18, 'VCLT': 0.07, 'EMLC': 0.07}"
2020-01-02,324.8699951171875,318.1204746791295,312.2549987792969,299.9801318359375,296.65994888305664,LTPZ,BUY,5,"{'VTI': 0.12, 'VEA': 0.12, 'VWO': 0.12, 'DBC': 0.07, 'IAU': 0.07, 'EDV': 0.18, 'LTPZ': 0.18, 'VCLT': 0.07, 'EMLC': 0.07}"
2020-01-02,324.8699951171875,318.1204746791295,312.2549987792969,299.9801318359375,296.65994888305664,VWO,BUY,2,"{'VTI': 0.12, 'VEA': 0.12, 'VWO': 0.12, 'DBC': 0.07, 'IAU': 0.07, 'EDV': 0.18, 'LTPZ': 0.18, 'VCLT': 0.07, 'EMLC': 0.07}"
2021-01-04,368.7900085449219,369.1180957612537,358.4774011230469,338.6826005045573,323.50150062561033,VTI,SELL,-6,"{'VTI': 0.12, 'VEA': 0.12, 'VWO': 0.12, 'DBC': 0.07, 'IAU': 0.07, 'EDV': 0.18, 'LTPZ': 0.18, 'VCLT': 0.07, 'EMLC': 0.07}"
2021-01-04,368.7900085449219,369.1180957612537,358.4774011230469,338.6826005045573,323.50150062561033,IAU,SELL,-31,"{'VTI': 0.12, 'VEA': 0.12, 'VWO': 0.12, 'DBC': 0.07, 'IAU': 0.07, 'EDV': 0.18, 'LTPZ': 0.18, 'VCLT': 0.07, 'EMLC': 0.07}"
2021-01-04,368.7900085449219,369.1180957612537,358.4774011230469,338.6826005045573,323.50150062561033,EDV,SELL,-7,"{'VTI': 0.12, 'VEA': 0.12, 'VWO': 0.12, 'DBC': 0.07, 'IAU': 0.07, 'EDV': 0.18, 'LTPZ': 0.18, 'VCLT': 0.07, 'EMLC': 0.07}"
2021-01-04,368.7900085449219,369.1180957612537,358.4774011230469,338.6826005045573,323.50150062561033,LTPZ,SELL,-27,"{'VTI': 0.12, 'VEA': 0.12, 'VWO': 0.12, 'DBC': 0.07, 'IAU': 0.07, 'EDV': 0.18, 'LTPZ': 0.18, 'VCLT': 0.07, 'EMLC': 0.07}"
2021-01-04,368.7900085449219,369.1180957612537,358.4774011230469,338.6826005045573,323.50150062561033,DBC,BUY,8,"{'VTI': 0.12, 'VEA': 0.12, 'VWO': 0.12, 'DBC': 0.07, 'IAU': 0.07, 'EDV': 0.18, 'LTPZ': 0.18, 'VCLT': 0.07, 'EMLC': 0.07}"
2021-01-04,368.7900085449219,369.1180957612537,358.4774011230469,338.6826005045573,323.50150062561033,EMLC,BUY,3,"{'VTI': 0.12, 'VEA': 0.12, 'VWO': 0.12, 'DBC': 0.07, 'IAU': 0.07, 'EDV': 0.18, 'LTPZ': 0.18, 'VCLT': 0.07, 'EMLC': 0.07}"
2021-01-04,368.7900085449219,369.1180957612537,358.4774011230469,338.6826005045573,323.50150062561033,VEA,BUY,2,"{'VTI': 0.12, 'VEA': 0.12, 'VWO': 0.12, 'DBC': 0.07, 'IAU': 0.07, 'EDV': 0.18, 'LTPZ': 0.18, 'VCLT': 0.07, 'EMLC': 0.07}"
2021-01-04,368.7900085449219,369.1180957612537,358.4774011230469,338.6826005045573,323.50150062561033,VCLT,BUY,1,"{'VTI': 0.12, 'VEA': 0.12, 'VWO': 0.12, 'DBC': 0.07, 'IAU': 0.07, 'EDV': 0.18, 'LTPZ': 0.18, 'VCLT': 0.07, 'EMLC': 0.07}"
2022-01-03,477.7099914550781,468.1295253208705,465.1126007080078,446.5050663248698,437.6410493469238,VTI,SELL,-15,"{'VTI': 0.12, 'VEA': 0.12, 'VWO': 0.12, 'DBC': 0.07, 'IAU': 0.07, 'EDV': 0.18, 'LTPZ': 0.18, 'VCLT': 0.07, 'EMLC': 0.07}"
2022-01-03,477.7099914550781,468.1295253208705,465.1126007080078,446.5050663248698,437.6410493469238,VEA,SELL,-3,"{'VTI': 0.12, 'VEA': 0.12, 'VWO': 0.12, 'DBC': 0.07, 'IAU': 0.07, 'EDV': 0.18, 'LTPZ': 0.18, 'VCLT': 0.07, 'EMLC': 0.07}"
2022-01-03,477.7099914550781,468.1295253208705,465.1126007080078,446.5050663248698,437.6410493469238,DBC,SELL,-73,"{'VTI': 0.12, 'VEA': 0.12, 'VWO': 0.12, 'DBC': 0.07, 'IAU': 0.07, 'EDV': 0.18, 'LTPZ': 0.18, 'VCLT': 0.07, 'EMLC': 0.07}"
2022-01-03,477.7099914550781,468.1295253208705,465.1126007080078,446.5050663248698,437.6410493469238,LTPZ,SELL,-2,"{'VTI': 0.12, 'VEA': 0.12, 'VWO': 0.12, 'DBC': 0.07, 'IAU': 0.07, 'EDV': 0.18, 'LTPZ': 0.18, 'VCLT': 0.07, 'EMLC': 0.07}"
2022-01-03,477.7099914550781,468.1295253208705,465.1126007080078,446.5050663248698,437.6410493469238,EDV,BUY,20,"{'VTI': 0.12, 'VEA': 0.12, 'VWO': 0.12, 'DBC': 0.07, 'IAU': 0.07, 'EDV': 0.18, 'LTPZ': 0.18, 'VCLT': 0.07, 'EMLC': 0.07}"
2022-01-03,477.7099914550781,468.1295253208705,465.1126007080078,446.5050663248698,437.6410493469238,EMLC,BUY,97,"{'VTI': 0.12, 'VEA': 0.12, 'VWO': 0.12, 'DBC': 0.07, 'IAU': 0.07, 'EDV': 0.18, 'LTPZ': 0.18, 'VCLT': 0.07, 'EMLC': 0.07}"
2022-01-03,477.7099914550781,468.1295253208705,465.1126007080078,446.5050663248698,437.6410493469238,VCLT,BUY,8,"{'VTI': 0.12, 'VEA': 0.12, 'VWO': 0.12, 'DBC': 0.07, 'IAU': 0.07, 'EDV': 0.18, 'LTPZ': 0.18, 'VCLT': 0.07, 'EMLC': 0.07}"
2022-01-03,477.7099914550781,468.1295253208705,465.1126007080078,446.5050663248698,437.6410493469238,IAU,BUY,19,"{'VTI': 0.12, 'VEA': 0.12, 'VWO': 0.12, 'DBC': 0.07, 'IAU': 0.07, 'EDV': 0.18, 'LTPZ': 0.18, 'VCLT': 0.07, 'EMLC': 0.07}"
2022-01-03,477.7099914550781,468.1295253208705,465.1126007080078,446.5050663248698,437.6410493469238,VWO,BUY,13,"{'VTI': 0.12, 'VEA': 0.12, 'VWO': 0.12, 'DBC': 0.07, 'IAU': 0.07, 'EDV': 0.18, 'LTPZ': 0.18, 'VCLT': 0.07, 'EMLC': 0.07}"
2023-01-03,380.82000732421875,389.1142854236421,389.3502001953125,390.6438671875,399.61770065307616,VTI,SELL,-1,"{'VTI': 0.12, 'VEA': 0.12, 'VWO': 0.12, 'DBC': 0.07, 'IAU': 0.07, 'EDV': 0.18, 'LTPZ': 0.18, 'VCLT': 0.07, 'EMLC': 0.07}"
2023-01-03,380.82000732421875,389.1142854236421,389.3502001953125,390.6438671875,399.61770065307616,VEA,SELL,-14,"{'VTI': 0.12, 'VEA': 0.12, 'VWO': 0.12, 'DBC': 0.07, 'IAU': 0.07, 'EDV': 0.18, 'LTPZ': 0.18, 'VCLT': 0.07, 'EMLC': 0.07}"
2023-01-03,380.82000732421875,389.1142854236421,389.3502001953125,390.6438671875,399.61770065307616,DBC,SELL,-169,"{'VTI': 0.12, 'VEA': 0.12, 'VWO': 0.12, 'DBC': 0.07, 'IAU': 0.07, 'EDV': 0.18, 'LTPZ': 0.18, 'VCLT': 0.07, 'EMLC': 0.07}"
2023-01-03,380.82000732421875,389.1142854236421,389.3502001953125,390.6438671875,399.61770065307616,IAU,SELL,-62,"{'VTI': 0.12, 'VEA': 0.12, 'VWO': 0.12, 'DBC': 0.07, 'IAU': 0.07, 'EDV': 0.18, 'LTPZ': 0.18, 'VCLT': 0.07, 'EMLC': 0.07}"
2023-01-03,380.82000732421875,389.1142854236421,389.3502001953125,390.6438671875,399.61770065307616,EMLC,SELL,-26,"{'VTI': 0.12, 'VEA': 0.12, 'VWO': 0.12, 'DBC': 0.07, 'IAU': 0.07, 'EDV': 0.18, 'LTPZ': 0.18, 'VCLT': 0.07, 'EMLC': 0.07}"
2023-01-03,380.82000732421875,389.1142854236421,389.3502001953125,390.6438671875,399.61770065307616,EDV,BUY,40,"{'VTI': 0.12, 'VEA': 0.12, 'VWO': 0.12, 'DBC': 0.07, 'IAU': 0.07, 'EDV': 0.18, 'LTPZ': 0.18, 'VCLT': 0.07, 'EMLC': 0.07}"
2023-01-03,380.82000732421875,389.1142854236421,389.3502001953125,390.6438671875,399.61770065307616,LTPZ,BUY,58,"{'VTI': 0.12, 'VEA': 0.12, 'VWO': 0.12, 'DBC': 0.07, 'IAU': 0.07, 'EDV': 0.18, 'LTPZ': 0.18, 'VCLT': 0.07, 'EMLC': 0.07}"
2023-01-03,380.82000732421875,389.1142854236421,389.3502001953125,390.6438671875,399.61770065307616,VCLT,BUY,11,"{'VTI': 0.12, 'VEA': 0.12, 'VWO': 0.12, 'DBC': 0.07, 'IAU': 0.07, 'EDV': 0.18, 'LTPZ': 0.18, 'VCLT': 0.07, 'EMLC': 0.07}"
2024-01-02,472.6499938964844,467.701907203311,450.2382000732422,443.35166748046873,434.7390007019043,VTI,SELL,-12,"{'VTI': 0.12, 'VEA': 0.12, 'VWO': 0.12, 'DBC': 0.07, 'IAU': 0.07, 'EDV': 0.18, 'LTPZ': 0.18, 'VCLT': 0.07, 'EMLC': 0.07}"
2024-01-02,472.6499938964844,467.701907203311,450.2382000732422,443.35166748046873,434.7390007019043,VEA,SELL,-31,"{'VTI': 0.12, 'VEA': 0.12, 'VWO': 0.12, 'DBC': 0.07, 'IAU': 0.07, 'EDV': 0.18, 'LTPZ': 0.18, 'VCLT': 0.07, 'EMLC': 0.07}"
2024-01-02,472.6499938964844,467.701907203311,450.2382000732422,443.35166748046873,434.7390007019043,VWO,SELL,-6,"{'VTI': 0.12, 'VEA': 0.12, 'VWO': 0.12, 'DBC': 0.07, 'IAU': 0.07, 'EDV': 0.18, 'LTPZ': 0.18, 'VCLT': 0.07, 'EMLC': 0.07}"
2024-01-02,472.6499938964844,467.701907203311,450.2382000732422,443.35166748046873,434.7390007019043,IAU,SELL,-19,"{'VTI': 0.12, 'VEA': 0.12, 'VWO': 0.12, 'DBC': 0.07, 'IAU': 0.07, 'EDV': 0.18, 'LTPZ': 0.18, 'VCLT': 0.07, 'EMLC': 0.07}"
2024-01-02,472.6499938964844,467.701907203311,450.2382000732422,443.35166748046873,434.7390007019043,VCLT,SELL,-3,"{'VTI': 0.12, 'VEA': 0.12, 'VWO': 0.12, 'DBC': 0.07, 'IAU': 0.07, 'EDV': 0.18, 'LTPZ': 0.18, 'VCLT': 0.07, 'EMLC': 0.07}"
2024-01-02,472.6499938964844,467.701907203311,450.2382000732422,443.35166748046873,434.7390007019043,EMLC,SELL,-3,"{'VTI': 0.12, 'VEA': 0.12, 'VWO': 0.12, 'DBC': 0.07, 'IAU': 0.07, 'EDV': 0.18, 'LTPZ': 0.18, 'VCLT': 0.07, 'EMLC': 0.07}"
2024-01-02,472.6499938964844,467.701907203311,450.2382000732422,443.35166748046873,434.7390007019043,EDV,BUY,39,"{'VTI': 0.12, 'VEA': 0.12, 'VWO': 0.12, 'DBC': 0.07, 'IAU': 0.07, 'EDV': 0.18, 'LTPZ': 0.18, 'VCLT': 0.07, 'EMLC': 0.07}"
2024-01-02,472.6499938964844,467.701907203311,450.2382000732422,443.35166748046873,434.7390007019043,LTPZ,BUY,35,"{'VTI': 0.12, 'VEA': 0.12, 'VWO': 0.12, 'DBC': 0.07, 'IAU': 0.07, 'EDV': 0.18, 'LTPZ': 0.18, 'VCLT': 0.07, 'EMLC': 0.07}"
2024-01-02,472.6499938964844,467.701907203311,450.2382000732422,443.35166748046873,434.7390007019043,DBC,BUY,53,"{'VTI': 0.12, 'VEA': 0.12, 'VWO': 0.12, 'DBC': 0.07, 'IAU': 0.07, 'EDV': 0.18, 'LTPZ': 0.18, 'VCLT': 0.07, 'EMLC': 0.07}"
2025-01-02,584.6400146484375,598.8290463402158,592.8382006835938,566.6519995117187,554.0809498596192,VTI,SELL,-11,"{'VTI': 0.12, 'VEA': 0.12, 'VWO': 0.12, 'DBC': 0.07, 'IAU': 0.07, 'EDV': 0.18, 'LTPZ': 0.18, 'VCLT': 0.07, 'EMLC': 0.07}"
2025-01-02,584.6400146484375,598.8290463402158,592.8382006835938,566.6519995117187,554.0809498596192,VWO,SELL,-22,"{'VTI': 0.12, 'VEA': 0.12, 'VWO': 0.12, 'DBC': 0.07, 'IAU': 0.07, 'EDV': 0.18, 'LTPZ': 0.18, 'VCLT': 0.07, 'EMLC': 0.07}"
2025-01-02,584.6400146484375,598.8290463402158,592.8382006835938,566.6519995117187,554.0809498596192,IAU,SELL,-46,"{'VTI': 0.12, 'VEA': 0.12, 'VWO': 0.12, 'DBC': 0.07, 'IAU': 0.07, 'EDV': 0.18, 'LTPZ': 0.18, 'VCLT': 0.07, 'EMLC': 0.07}"
2025-01-02,584.6400146484375,598.8290463402158,592.8382006835938,566.6519995117187,554.0809498596192,EDV,BUY,37,"{'VTI': 0.12, 'VEA': 0.12, 'VWO': 0.12, 'DBC': 0.07, 'IAU': 0.07, 'EDV': 0.18, 'LTPZ': 0.18, 'VCLT': 0.07, 'EMLC': 0.07}"
2025-01-02,584.6400146484375,598.8290463402158,592.8382006835938,566.6519995117187,554.0809498596192,LTPZ,BUY,37,"{'VTI': 0.12, 'VEA': 0.12, 'VWO': 0.12, 'DBC': 0.07, 'IAU': 0.07, 'EDV': 0.18, 'LTPZ': 0.18, 'VCLT': 0.07, 'EMLC': 0.07}"
2025-01-02,584.6400146484375,598.8290463402158,592.8382006835938,566.6519995117187,554.0809498596192,EMLC,BUY,34,"{'VTI': 0.12, 'VEA': 0.12, 'VWO': 0.12, 'DBC': 0.07, 'IAU': 0.07, 'EDV': 0.18, 'LTPZ': 0.18, 'VCLT': 0.07, 'EMLC': 0.07}"
2025-01-02,584.6400146484375,598.8290463402158,592.8382006835938,566.6519995117187,554.0809498596192,VCLT,BUY,8,"{'VTI': 0.12, 'VEA': 0.12, 'VWO': 0.12, 'DBC': 0.07, 'IAU': 0.07, 'EDV': 0.18, 'LTPZ': 0.18, 'VCLT': 0.07, 'EMLC': 0.07}"
2025-01-02,584.6400146484375,598.8290463402158,592.8382006835938,566.6519995117187,554.0809498596192,DBC,BUY,14,"{'VTI': 0.12, 'VEA': 0.12, 'VWO': 0.12, 'DBC': 0.07, 'IAU': 0.07, 'EDV': 0.18, 'LTPZ': 0.18, 'VCLT': 0.07, 'EMLC': 0.07}"
2025-01-02,584.6400146484375,598.8290463402158,592.8382006835938,566.6519995117187,554.0809498596192,VEA,BUY,1,"{'VTI': 0.12, 'VEA': 0.12, 'VWO': 0.12, 'DBC': 0.07, 'IAU': 0.07, 'EDV': 0.18, 'LTPZ': 0.18, 'VCLT': 0.07, 'EMLC': 0.07}"
